[
  {
    "_id": "6036ac2bf366126c307450cd",
    "index": 0,
    "guid": "370299a1-43d4-4798-bb28-52b9dbce8542",
    "isActive": false,
    "balance": "$3,217.19",
    "picture": "http://placehold.it/32x32",
    "age": 23,
    "eyeColor": "brown",
    "name": {
      "first": "Harding",
      "last": "Chambers"
    },
    "company": "PURIA",
    "email": "harding.chambers@puria.org",
    "phone": "+1 (879) 422-2694",
    "address": "279 Coleman Street, Waiohinu, Maine, 2325",
    "about": "Duis Lorem mollit mollit nisi sit reprehenderit. Ea cupidatat sunt nostrud duis ex cupidatat fugiat ut aliquip ea. Nostrud qui occaecat reprehenderit anim occaecat sunt commodo. Do excepteur laborum ipsum laborum aute commodo nostrud occaecat. Duis nulla voluptate consectetur dolore Lorem. Pariatur do ex aliqua id.",
    "registered": "Monday, October 5, 2020 4:12 PM",
    "latitude": "-9.10846",
    "longitude": "23.308055",
    "tags": [
      "nisi",
      "quis",
      "ullamco",
      "sit",
      "culpa"
    ],
    "range": [
      0,
      1,
      2,
      3,
      4,
      5,
      6,
      7,
      8,
      9
    ],
    "friends": [
      {
        "id": 0,
        "name": "Darla Dodson"
      },
      {
        "id": 1,
        "name": "Ladonna Kane"
      },
      {
        "id": 2,
        "name": "Maude Robles"
      }
    ],
    "greeting": "Hello, Harding! You have 6 unread messages.",
    "favoriteFruit": "strawberry"
  },
  {
    "_id": "6036ac2b17c54918181d3d49",
    "index": 1,
    "guid": "33248617-fa90-4f31-896a-e2bb5f259877",
    "isActive": true,
    "balance": "$3,246.50",
    "picture": "http://placehold.it/32x32",
    "age": 34,
    "eyeColor": "blue",
    "name": {
      "first": "Sandra",
      "last": "Baxter"
    },
    "company": "COSMETEX",
    "email": "sandra.baxter@cosmetex.us",
    "phone": "+1 (896) 568-3883",
    "address": "191 Atlantic Avenue, Chamberino, Connecticut, 3841",
    "about": "Cupidatat tempor laboris non dolore nostrud proident adipisicing culpa non amet mollit veniam. Est ad magna ullamco ea proident non cillum veniam enim proident officia. Id non nulla occaecat culpa ut exercitation sunt voluptate laborum sit nostrud consectetur esse aliquip. Anim et id ea duis voluptate eu. Eu culpa sint deserunt aliquip Lorem consequat esse nulla Lorem commodo officia ex est quis. Nostrud proident cupidatat sint veniam ut pariatur esse culpa. Aliquip et excepteur do reprehenderit quis aliqua non reprehenderit Lorem consequat.",
    "registered": "Tuesday, July 2, 2019 5:13 PM",
    "latitude": "-26.674664",
    "longitude": "-39.287006",
    "tags": [
      "minim",
      "aute",
      "voluptate",
      "labore",
      "amet"
    ],
    "range": [
      0,
      1,
      2,
      3,
      4,
      5,
      6,
      7,
      8,
      9
    ],
    "friends": [
      {
        "id": 0,
        "name": "Betsy Sanders"
      },
      {
        "id": 1,
        "name": "Kendra Brock"
      },
      {
        "id": 2,
        "name": "Gentry Lara"
      }
    ],
    "greeting": "Hello, Sandra! You have 9 unread messages.",
    "favoriteFruit": "apple"
  },
  {
    "_id": "6036ac2b87079eb81d65bdb3",
    "index": 2,
    "guid": "f8f7548e-a876-4592-a3a2-fa3568b892f9",
    "isActive": false,
    "balance": "$1,943.15",
    "picture": "http://placehold.it/32x32",
    "age": 37,
    "eyeColor": "blue",
    "name": {
      "first": "Sherman",
      "last": "Colon"
    },
    "company": "TELLIFLY",
    "email": "sherman.colon@tellifly.co.uk",
    "phone": "+1 (809) 554-2539",
    "address": "777 Schaefer Street, Rosedale, New Mexico, 4436",
    "about": "Exercitation occaecat non consectetur sint aliquip aliqua elit occaecat reprehenderit in adipisicing. Qui elit voluptate eu occaecat Lorem aliquip consectetur commodo ex labore voluptate ut. Occaecat consectetur mollit eiusmod ea non occaecat ea deserunt elit aliqua laboris culpa ad ea. Mollit laboris veniam minim esse tempor nulla dolor nostrud est ex dolore ex fugiat labore. Lorem ex est consectetur qui non dolor ut laborum minim pariatur sit nulla irure. Exercitation esse dolor reprehenderit nostrud dolore fugiat amet nostrud. Elit aliqua aute consectetur irure laborum esse.",
    "registered": "Thursday, May 18, 2017 7:51 PM",
    "latitude": "-2.938443",
    "longitude": "-41.40856",
    "tags": [
      "irure",
      "deserunt",
      "et",
      "laboris",
      "incididunt"
    ],
    "range": [
      0,
      1,
      2,
      3,
      4,
      5,
      6,
      7,
      8,
      9
    ],
    "friends": [
      {
        "id": 0,
        "name": "Cheryl Larson"
      },
      {
        "id": 1,
        "name": "Ruth Skinner"
      },
      {
        "id": 2,
        "name": "Renee Anthony"
      }
    ],
    "greeting": "Hello, Sherman! You have 5 unread messages.",
    "favoriteFruit": "strawberry"
  },
  {
    "_id": "6036ac2b77978358809fb1b3",
    "index": 3,
    "guid": "68730ecc-30f9-420d-ba3c-28c0916059a3",
    "isActive": false,
    "balance": "$3,586.86",
    "picture": "http://placehold.it/32x32",
    "age": 21,
    "eyeColor": "green",
    "name": {
      "first": "Ochoa",
      "last": "Ayers"
    },
    "company": "BLUEGRAIN",
    "email": "ochoa.ayers@bluegrain.net",
    "phone": "+1 (974) 460-2274",
    "address": "787 Rodney Street, Munjor, Iowa, 2348",
    "about": "Et sunt culpa occaecat excepteur tempor deserunt. Ullamco aute officia aliquip excepteur ullamco proident eu deserunt ut. Cupidatat veniam non quis mollit enim adipisicing id cillum nisi veniam veniam aute.",
    "registered": "Tuesday, April 21, 2015 11:38 PM",
    "latitude": "66.38221",
    "longitude": "152.216909",
    "tags": [
      "Lorem",
      "ullamco",
      "nostrud",
      "pariatur",
      "quis"
    ],
    "range": [
      0,
      1,
      2,
      3,
      4,
      5,
      6,
      7,
      8,
      9
    ],
    "friends": [
      {
        "id": 0,
        "name": "Franks Palmer"
      },
      {
        "id": 1,
        "name": "Michelle Conner"
      },
      {
        "id": 2,
        "name": "Bette Wheeler"
      }
    ],
    "greeting": "Hello, Ochoa! You have 8 unread messages.",
    "favoriteFruit": "strawberry"
  },
  {
    "_id": "6036ac2b9fb8c0d00db34f11",
    "index": 4,
    "guid": "baa934e9-ede9-4163-b76e-60a917148357",
    "isActive": false,
    "balance": "$3,551.38",
    "picture": "http://placehold.it/32x32",
    "age": 31,
    "eyeColor": "blue",
    "name": {
      "first": "Newman",
      "last": "Burks"
    },
    "company": "INTERFIND",
    "email": "newman.burks@interfind.me",
    "phone": "+1 (967) 534-3340",
    "address": "441 Rogers Avenue, Bennett, Palau, 5580",
    "about": "Cillum ex ad irure excepteur ut reprehenderit sint consequat laborum. Consequat laborum nostrud amet in. Consectetur dolore proident ad nisi. Enim et fugiat veniam ipsum amet proident sunt. Pariatur tempor cupidatat adipisicing velit minim nostrud nulla in culpa.",
    "registered": "Friday, December 9, 2016 10:32 PM",
    "latitude": "32.654938",
    "longitude": "-61.936121",
    "tags": [
      "sit",
      "do",
      "veniam",
      "dolore",
      "ullamco"
    ],
    "range": [
      0,
      1,
      2,
      3,
      4,
      5,
      6,
      7,
      8,
      9
    ],
    "friends": [
      {
        "id": 0,
        "name": "Effie Merrill"
      },
      {
        "id": 1,
        "name": "Vicki Alston"
      },
      {
        "id": 2,
        "name": "Powell Ochoa"
      }
    ],
    "greeting": "Hello, Newman! You have 8 unread messages.",
    "favoriteFruit": "apple"
  }
]