{
    "page": {
        "rows": [
            {
                "columns": [
                    {
                        "modules": [
                            {
                                "locked": false,
                                "descriptor": {
                                    "computedStyle": {
                                        "class": "center fixedwidth",
                                        "width": 338
                                    },
                                    "image": {
                                        "src": "img/logo_1.png",
                                        "href": "https://beefree.io",
                                        "alt": "Image"
                                    },
                                    "style": {
                                        "padding-bottom": "0px",
                                        "padding-right": "15px",
                                        "padding-top": "5px",
                                        "padding-left": "15px",
                                        "width": "100%"
                                    }
                                },
                                "type": "mailup-bee-newsletter-modules-image"
                            },
                            {
                                "locked": false,
                                "descriptor": {
                                    "divider": {
                                        "style": {
                                            "border-top": "0px solid transparent",
                                            "width": "100%",
                                            "height": "25px"
                                        }
                                    },
                                    "computedStyle": {
                                        "hideContentOnMobile": true,
                                        "align": "center"
                                    },
                                    "style": {
                                        "padding-bottom": "10px",
                                        "padding-right": "10px",
                                        "padding-top": "10px",
                                        "padding-left": "10px"
                                    }
                                },
                                "type": "mailup-bee-newsletter-modules-divider"
                            }
                        ],
                        "style": {
                            "padding-right": "0px",
                            "border-left": "0px solid transparent",
                            "padding-left": "0px",
                            "border-top": "0px solid transparent",
                            "padding-bottom": "0px",
                            "background-color": "transparent",
                            "padding-top": "30px",
                            "border-bottom": "0px solid transparent",
                            "border-right": "0px solid transparent"
                        },
                        "grid-columns": 6
                    },
                    {
                        "modules": [
                            {
                                "locked": false,
                                "descriptor": {
                                    "divider": {
                                        "style": {
                                            "border-top": "0px solid transparent",
                                            "width": "100%",
                                            "height": "32px"
                                        }
                                    },
                                    "computedStyle": {
                                        "hideContentOnMobile": true,
                                        "align": "center"
                                    },
                                    "style": {
                                        "padding-bottom": "0px",
                                        "padding-right": "0px",
                                        "padding-top": "0px",
                                        "padding-left": "0px"
                                    }
                                },
                                "type": "mailup-bee-newsletter-modules-divider"
                            },
                            {
                                "locked": false,
                                "descriptor": {
                                    "text": {
                                        "html": "<div class=\"txtTinyMce-wrapper\" style=\"font-family: Montserrat, &quot;Trebuchet MS&quot;, &quot;Lucida Grande&quot;, &quot;Lucida Sans Unicode&quot;, &quot;Lucida Sans&quot;, Tahoma, sans-serif; font-size: 12px; line-height: 18px;\" data-mce-style=\"font-family: Montserrat, &quot;Trebuchet MS&quot;, &quot;Lucida Grande&quot;, &quot;Lucida Sans Unicode&quot;, &quot;Lucida Sans&quot;, Tahoma, sans-serif; font-size: 12px; line-height: 18px;\">\n<div style=\"line-height: 18px; font-size: 12px; text-align: center;\" data-mce-style=\"line-height: 18px; font-size: 12px; text-align: center;\"><span style=\"font-size: 18px; line-height: 27px;\" data-mce-style=\"font-size: 18px; line-height: 27px;\"><strong><span style=\"line-height: 27px; font-size: 18px;\" data-mce-style=\"line-height: 27px; font-size: 18px;\">ANY DEVICE, ANYWHERE, FAST.</span></strong></span></div>\n</div>",
                                        "computedStyle": {
                                            "linkColor": "#007089"
                                        },
                                        "style": {
                                            "color": "#FFFFFF",
                                            "line-height": "150%",
                                            "font-family": "'Montserrat', 'Trebuchet MS', 'Lucida Grande', 'Lucida Sans Unicode', 'Lucida Sans', Tahoma, sans-serif"
                                        }
                                    },
                                    "computedStyle": {
                                        "hideContentOnMobile": true
                                    },
                                    "style": {
                                        "padding-bottom": "15px",
                                        "padding-right": "10px",
                                        "padding-top": "0px",
                                        "padding-left": "10px"
                                    }
                                },
                                "type": "mailup-bee-newsletter-modules-text"
                            }
                        ],
                        "style": {
                            "padding-right": "0px",
                            "border-left": "0px solid transparent",
                            "padding-left": "0px",
                            "border-top": "0px solid transparent",
                            "padding-bottom": "20px",
                            "background-color": "transparent",
                            "padding-top": "30px",
                            "border-bottom": "0px solid transparent",
                            "border-right": "0px solid transparent"
                        },
                        "grid-columns": 6
                    }
                ],
                "locked": false,
                "content": {
                    "computedStyle": {
                        "rowColStackOnMobile": true
                    },
                    "style": {
                        "background-position": "top left",
                        "background-repeat": "no-repeat",
                        "color": "#333",
                        "background-image": "none",
                        "background-color": "transparent",
                        "width": "675px"
                    }
                },
                "container": {
                    "style": {
                        "background-position": "top left",
                        "background-repeat": "no-repeat",
                        "background-image": "none",
                        "background-color": "#95d24f"
                    }
                },
                "type": "two-columns-empty"
            },
            {
                "columns": [
                    {
                        "modules": [
                            {
                                "locked": false,
                                "descriptor": {
                                    "divider": {
                                        "style": {
                                            "border-top": "10px solid transparent",
                                            "width": "100%",
                                            "height": "0px"
                                        }
                                    },
                                    "computedStyle": {
                                        "align": "center"
                                    },
                                    "style": {
                                        "padding-bottom": "10px",
                                        "padding-right": "10px",
                                        "padding-top": "10px",
                                        "padding-left": "10px"
                                    }
                                },
                                "type": "mailup-bee-newsletter-modules-divider"
                            },
                            {
                                "locked": false,
                                "descriptor": {
                                    "text": {
                                        "html": "<div class=\"txtTinyMce-wrapper\" style=\"font-size: 12px; line-height: 14px; font-family: Montserrat, &quot;Trebuchet MS&quot;, &quot;Lucida Grande&quot;, &quot;Lucida Sans Unicode&quot;, &quot;Lucida Sans&quot;, Tahoma, sans-serif;\" data-mce-style=\"font-size: 12px; line-height: 14px; font-family: Montserrat, &quot;Trebuchet MS&quot;, &quot;Lucida Grande&quot;, &quot;Lucida Sans Unicode&quot;, &quot;Lucida Sans&quot;, Tahoma, sans-serif;\">\n<p style=\"font-size: 14px; line-height: 16px; text-align: center;\" data-mce-style=\"font-size: 14px; line-height: 16px; text-align: center;\"><span style=\"font-size: 28px; line-height: 33px;\" data-mce-style=\"font-size: 28px; line-height: 33px;\">INTRODUCING</span><strong><span style=\"font-size: 28px; line-height: 33px;\" data-mce-style=\"font-size: 28px; line-height: 33px;\"><br></span><span style=\"font-size: 80px; line-height: 96px;\" data-mce-style=\"font-size: 80px; line-height: 96px;\"><span style=\"line-height: 96px; font-size: 80px;\" data-mce-style=\"line-height: 96px; font-size: 80px;\">HACKISTER3</span></span></strong></p>\n</div>",
                                        "computedStyle": {
                                            "linkColor": "#007089"
                                        },
                                        "style": {
                                            "color": "#ffffff",
                                            "line-height": "120%",
                                            "font-family": "'Montserrat', 'Trebuchet MS', 'Lucida Grande', 'Lucida Sans Unicode', 'Lucida Sans', Tahoma, sans-serif"
                                        }
                                    },
                                    "computedStyle": {
                                        "hideContentOnMobile": false
                                    },
                                    "style": {
                                        "padding-bottom": "0px",
                                        "padding-right": "0px",
                                        "padding-top": "30px",
                                        "padding-left": "0px"
                                    }
                                },
                                "type": "mailup-bee-newsletter-modules-text"
                            },
                            {
                                "locked": false,
                                "descriptor": {
                                    "divider": {
                                        "style": {
                                            "border-top": "10px solid transparent",
                                            "width": "100%",
                                            "height": "0px"
                                        }
                                    },
                                    "computedStyle": {
                                        "align": "center"
                                    },
                                    "style": {
                                        "padding-bottom": "0px",
                                        "padding-right": "0px",
                                        "padding-top": "0px",
                                        "padding-left": "0px"
                                    }
                                },
                                "type": "mailup-bee-newsletter-modules-divider"
                            },
                            {
                                "locked": false,
                                "descriptor": {
                                    "computedStyle": {
                                        "class": "center fixedwidth",
                                        "width": 371.25000000000006
                                    },
                                    "image": {
                                        "src": "img/rocket-color.png",
                                        "href": "https://beefree.io",
                                        "alt": "rocket"
                                    },
                                    "style": {
                                        "padding-bottom": "20px",
                                        "padding-right": "20px",
                                        "padding-top": "20px",
                                        "padding-left": "20px",
                                        "width": "100%"
                                    }
                                },
                                "type": "mailup-bee-newsletter-modules-image"
                            }
                        ],
                        "style": {
                            "padding-right": "0px",
                            "border-left": "0px solid transparent",
                            "padding-left": "0px",
                            "border-top": "0px solid transparent",
                            "padding-bottom": "50px",
                            "background-color": "transparent",
                            "padding-top": "0px",
                            "border-bottom": "0px solid transparent",
                            "border-right": "0px solid transparent"
                        },
                        "grid-columns": 12
                    }
                ],
                "locked": false,
                "content": {
                    "computedStyle": {
                        "rowColStackOnMobile": true
                    },
                    "style": {
                        "background-position": "top left",
                        "background-repeat": "no-repeat",
                        "color": "#000000",
                        "background-image": "none",
                        "background-color": "transparent",
                        "width": "675px"
                    }
                },
                "container": {
                    "style": {
                        "background-position": "top left",
                        "background-repeat": "no-repeat",
                        "background-image": "url('img/bg-green.png')",
                        "background-color": "#007089"
                    }
                },
                "type": "one-column-empty"
            },
            {
                "columns": [
                    {
                        "modules": [
                            {
                                "locked": false,
                                "descriptor": {
                                    "text": {
                                        "html": "<div class=\"txtTinyMce-wrapper\" style=\"font-family: Montserrat, &quot;Trebuchet MS&quot;, &quot;Lucida Grande&quot;, &quot;Lucida Sans Unicode&quot;, &quot;Lucida Sans&quot;, Tahoma, sans-serif; font-size: 12px; line-height: 14px;\" data-mce-style=\"font-family: Montserrat, &quot;Trebuchet MS&quot;, &quot;Lucida Grande&quot;, &quot;Lucida Sans Unicode&quot;, &quot;Lucida Sans&quot;, Tahoma, sans-serif; font-size: 12px; line-height: 14px;\">\n<p style=\"font-size: 18px; line-height: 21px; text-align: center;\" data-mce-style=\"font-size: 18px; line-height: 21px; text-align: center;\"><span style=\"font-size: 34px; line-height: 40px;\" data-mce-style=\"font-size: 34px; line-height: 40px;\">The <strong>fake</strong> <strong>app</strong> for <br><strong>real-time</strong> collaboration</span></p>\n</div>",
                                        "computedStyle": {
                                            "linkColor": "#007089"
                                        },
                                        "style": {
                                            "color": "#007089",
                                            "line-height": "120%",
                                            "font-family": "'Montserrat', 'Trebuchet MS', 'Lucida Grande', 'Lucida Sans Unicode', 'Lucida Sans', Tahoma, sans-serif"
                                        }
                                    },
                                    "computedStyle": {
                                        "hideContentOnMobile": false
                                    },
                                    "style": {
                                        "padding-bottom": "10px",
                                        "padding-right": "10px",
                                        "padding-top": "35px",
                                        "padding-left": "10px"
                                    }
                                },
                                "type": "mailup-bee-newsletter-modules-text"
                            },
                            {
                                "locked": false,
                                "descriptor": {
                                    "text": {
                                        "html": "<div class=\"txtTinyMce-wrapper\" style=\"font-size: 12px; line-height: 14px; font-family: Montserrat, &quot;Trebuchet MS&quot;, &quot;Lucida Grande&quot;, &quot;Lucida Sans Unicode&quot;, &quot;Lucida Sans&quot;, Tahoma, sans-serif;\" data-mce-style=\"font-size: 12px; line-height: 14px; font-family: Montserrat, &quot;Trebuchet MS&quot;, &quot;Lucida Grande&quot;, &quot;Lucida Sans Unicode&quot;, &quot;Lucida Sans&quot;, Tahoma, sans-serif;\">\n<p style=\"font-size: 14px; line-height: 16px; text-align: center;\" data-mce-style=\"font-size: 14px; line-height: 16px; text-align: center;\"><span style=\"line-height: 21px; font-size: 18px;\" data-mce-style=\"line-height: 21px; font-size: 18px;\">Aenean eu leo quam. Pellentesque ornare sem </span></p>\n<p style=\"font-size: 14px; line-height: 16px; text-align: center;\" data-mce-style=\"font-size: 14px; line-height: 16px; text-align: center;\"><span style=\"line-height: 21px; font-size: 18px;\" data-mce-style=\"line-height: 21px; font-size: 18px;\">lacinia quam venenatis vestibulum. </span></p>\n<p style=\"font-size: 14px; line-height: 16px; text-align: center;\" data-mce-style=\"font-size: 14px; line-height: 16px; text-align: center;\"><span style=\"line-height: 21px; font-size: 18px;\" data-mce-style=\"line-height: 21px; font-size: 18px;\">Donec sed odio dui.</span></p>\n</div>",
                                        "computedStyle": {
                                            "linkColor": "#007089"
                                        },
                                        "style": {
                                            "color": "#4A4A4A",
                                            "line-height": "120%",
                                            "font-family": "'Montserrat', 'Trebuchet MS', 'Lucida Grande', 'Lucida Sans Unicode', 'Lucida Sans', Tahoma, sans-serif"
                                        }
                                    },
                                    "computedStyle": {
                                        "hideContentOnMobile": false
                                    },
                                    "style": {
                                        "padding-bottom": "30px",
                                        "padding-right": "10px",
                                        "padding-top": "10px",
                                        "padding-left": "10px"
                                    }
                                },
                                "type": "mailup-bee-newsletter-modules-text"
                            },
                            {
                                "locked": false,
                                "descriptor": {
                                    "computedStyle": {
                                        "width": 195,
                                        "height": 46
                                    },
                                    "button": {
                                        "label": "<div class=\"txtTinyMce-wrapper\" style=\"font-size: 12px; line-height: 24px; font-family: Montserrat, 'Trebuchet MS', 'Lucida Grande', 'Lucida Sans Unicode', 'Lucida Sans', Tahoma, sans-serif;\">\n<p style=\"font-family: inherit; font-size: 16px; line-height: 32px;\"><span style=\"font-size: 16px; line-height: 32px;\"><span style=\"font-size: 18px; line-height: 36px;\">SHOW MORE</span></span></p>\n</div>",
                                        "style": {
                                            "border-radius": "25px",
                                            "padding-right": "20px",
                                            "border-left": "0px solid transparent",
                                            "padding-left": "20px",
                                            "border-top": "0px solid transparent",
                                            "max-width": "100%",
                                            "border-right": "0px solid transparent",
                                            "color": "#ffffff",
                                            "font-family": "'Montserrat', 'Trebuchet MS', 'Lucida Grande', 'Lucida Sans Unicode', 'Lucida Sans', Tahoma, sans-serif",
                                            "padding-bottom": "5px",
                                            "background-color": "#007089",
                                            "padding-top": "5px",
                                            "border-bottom": "0px solid transparent",
                                            "line-height": "200%",
                                            "width": "35%"
                                        },
                                        "href": ""
                                    },
                                    "style": {
                                        "padding-bottom": "10px",
                                        "padding-right": "10px",
                                        "padding-top": "15px",
                                        "padding-left": "10px",
                                        "text-align": "center"
                                    }
                                },
                                "type": "mailup-bee-newsletter-modules-button"
                            },
                            {
                                "locked": false,
                                "descriptor": {
                                    "divider": {
                                        "style": {
                                            "border-top": "0px solid transparent",
                                            "width": "100%",
                                            "height": "15px"
                                        }
                                    },
                                    "computedStyle": {
                                        "align": "center"
                                    },
                                    "style": {
                                        "padding-bottom": "10px",
                                        "padding-right": "10px",
                                        "padding-top": "10px",
                                        "padding-left": "10px"
                                    }
                                },
                                "type": "mailup-bee-newsletter-modules-divider"
                            },
                            {
                                "locked": false,
                                "descriptor": {
                                    "divider": {
                                        "style": {
                                            "border-top": "0px solid transparent",
                                            "width": "100%",
                                            "height": "0px"
                                        }
                                    },
                                    "computedStyle": {
                                        "hideContentOnMobile": false,
                                        "align": "center"
                                    },
                                    "style": {
                                        "padding-bottom": "10px",
                                        "padding-right": "10px",
                                        "padding-top": "10px",
                                        "padding-left": "10px"
                                    }
                                },
                                "type": "mailup-bee-newsletter-modules-divider"
                            }
                        ],
                        "style": {
                            "padding-right": "0px",
                            "border-left": "0px solid transparent",
                            "padding-left": "0px",
                            "border-top": "0px solid transparent",
                            "padding-bottom": "30px",
                            "background-color": "transparent",
                            "padding-top": "30px",
                            "border-bottom": "0px solid transparent",
                            "border-right": "0px solid transparent"
                        },
                        "grid-columns": 12
                    }
                ],
                "locked": false,
                "content": {
                    "computedStyle": {
                        "rowColStackOnMobile": true
                    },
                    "style": {
                        "background-position": "top left",
                        "background-repeat": "no-repeat",
                        "color": "#333",
                        "background-image": "none",
                        "background-color": "transparent",
                        "width": "675px"
                    }
                },
                "container": {
                    "style": {
                        "background-position": "top left",
                        "background-repeat": "no-repeat",
                        "background-image": "none",
                        "background-color": "#E5F8D0"
                    }
                },
                "type": "one-column-empty"
            },
            {
                "columns": [
                    {
                        "modules": [
                            {
                                "locked": false,
                                "descriptor": {
                                    "computedStyle": {
                                        "class": "center  autowidth ",
                                        "width": 103
                                    },
                                    "image": {
                                        "src": "img/world.png",
                                        "dynamicSrc": "",
                                        "href": "https://beefree.io",
                                        "alt": "Image"
                                    },
                                    "style": {
                                        "padding-bottom": "0px",
                                        "padding-right": "0px",
                                        "padding-top": "0px",
                                        "padding-left": "0px",
                                        "width": "100%"
                                    }
                                },
                                "type": "mailup-bee-newsletter-modules-image"
                            }
                        ],
                        "style": {
                            "padding-right": "15px",
                            "border-left": "0px solid transparent",
                            "padding-left": "15px",
                            "border-top": "0px solid transparent",
                            "padding-bottom": "30px",
                            "background-color": "transparent",
                            "padding-top": "60px",
                            "border-bottom": "0px solid transparent",
                            "border-right": "0px solid transparent"
                        },
                        "grid-columns": 4
                    },
                    {
                        "modules": [
                            {
                                "locked": false,
                                "descriptor": {
                                    "text": {
                                        "html": "<div class=\"txtTinyMce-wrapper\" style=\"font-size: 12px; line-height: 14px; font-family: Montserrat, &quot;Trebuchet MS&quot;, &quot;Lucida Grande&quot;, &quot;Lucida Sans Unicode&quot;, &quot;Lucida Sans&quot;, Tahoma, sans-serif;\" data-mce-style=\"font-size: 12px; line-height: 14px; font-family: Montserrat, &quot;Trebuchet MS&quot;, &quot;Lucida Grande&quot;, &quot;Lucida Sans Unicode&quot;, &quot;Lucida Sans&quot;, Tahoma, sans-serif;\">\n<p style=\"font-size: 18px; line-height: 21px; text-align: left;\" data-mce-style=\"font-size: 18px; line-height: 21px; text-align: left;\"><span style=\"font-size: 22px; line-height: 26px;\" data-mce-style=\"font-size: 22px; line-height: 26px;\"><strong>Fusce Nullam</strong></span></p>\n</div>",
                                        "computedStyle": {
                                            "linkColor": "#007089"
                                        },
                                        "style": {
                                            "color": "#95D24F",
                                            "line-height": "120%",
                                            "font-family": "'Montserrat', 'Trebuchet MS', 'Lucida Grande', 'Lucida Sans Unicode', 'Lucida Sans', Tahoma, sans-serif"
                                        }
                                    },
                                    "computedStyle": {
                                        "hideContentOnMobile": false
                                    },
                                    "style": {
                                        "padding-bottom": "5px",
                                        "padding-right": "10px",
                                        "padding-top": "0px",
                                        "padding-left": "10px"
                                    }
                                },
                                "type": "mailup-bee-newsletter-modules-text"
                            },
                            {
                                "locked": false,
                                "descriptor": {
                                    "text": {
                                        "html": "<div class=\"txtTinyMce-wrapper\" style=\"font-family: Montserrat, &quot;Trebuchet MS&quot;, &quot;Lucida Grande&quot;, &quot;Lucida Sans Unicode&quot;, &quot;Lucida Sans&quot;, Tahoma, sans-serif; font-size: 12px; line-height: 14px;\" data-mce-style=\"font-family: Montserrat, &quot;Trebuchet MS&quot;, &quot;Lucida Grande&quot;, &quot;Lucida Sans Unicode&quot;, &quot;Lucida Sans&quot;, Tahoma, sans-serif; font-size: 12px; line-height: 14px;\">\n<p style=\"font-size: 14px; line-height: 16px; text-align: left;\" data-mce-style=\"font-size: 14px; line-height: 16px; text-align: left;\"><span style=\"font-size: 14px; line-height: 16px;\" data-mce-style=\"font-size: 14px; line-height: 16px;\">Nullam quis risus eget urna mollis.</span></p>\n<p style=\"font-size: 14px; line-height: 16px; text-align: left;\" data-mce-style=\"font-size: 14px; line-height: 16px; text-align: left;\"><span style=\"font-size: 14px; line-height: 16px;\" data-mce-style=\"font-size: 14px; line-height: 16px;\">Sed turpi est quisquam nobis</span></p>\n</div>",
                                        "computedStyle": {
                                            "linkColor": "#007089"
                                        },
                                        "style": {
                                            "color": "#9D9DA1",
                                            "line-height": "120%",
                                            "font-family": "'Montserrat', 'Trebuchet MS', 'Lucida Grande', 'Lucida Sans Unicode', 'Lucida Sans', Tahoma, sans-serif"
                                        }
                                    },
                                    "computedStyle": {
                                        "hideContentOnMobile": false
                                    },
                                    "style": {
                                        "padding-bottom": "10px",
                                        "padding-right": "10px",
                                        "padding-top": "0px",
                                        "padding-left": "10px"
                                    }
                                },
                                "type": "mailup-bee-newsletter-modules-text"
                            },
                            {
                                "locked": false,
                                "descriptor": {
                                    "text": {
                                        "html": "<div class=\"txtTinyMce-wrapper\" style=\"font-size: 12px; line-height: 14px; font-family: Montserrat, &quot;Trebuchet MS&quot;, &quot;Lucida Grande&quot;, &quot;Lucida Sans Unicode&quot;, &quot;Lucida Sans&quot;, Tahoma, sans-serif;\" data-mce-style=\"font-size: 12px; line-height: 14px; font-family: Montserrat, &quot;Trebuchet MS&quot;, &quot;Lucida Grande&quot;, &quot;Lucida Sans Unicode&quot;, &quot;Lucida Sans&quot;, Tahoma, sans-serif;\">\n<p style=\"font-size: 14px; line-height: 16px; text-align: left;\" data-mce-style=\"font-size: 14px; line-height: 16px; text-align: left;\"><span style=\"font-size: 18px; line-height: 21px;\" data-mce-style=\"font-size: 18px; line-height: 21px;\"><a href=\"https://beefree.io\"><span style=\"text-decoration: underline; line-height: 21px; font-size: 18px;\" data-mce-style=\"text-decoration: underline; line-height: 21px; font-size: 18px;\"><strong>Show more</strong></span></a></span></p>\n</div>",
                                        "computedStyle": {
                                            "linkColor": "#007089"
                                        },
                                        "style": {
                                            "color": "#D2687F",
                                            "line-height": "120%",
                                            "font-family": "'Montserrat', 'Trebuchet MS', 'Lucida Grande', 'Lucida Sans Unicode', 'Lucida Sans', Tahoma, sans-serif"
                                        }
                                    },
                                    "computedStyle": {
                                        "hideContentOnMobile": false
                                    },
                                    "style": {
                                        "padding-bottom": "20px",
                                        "padding-right": "10px",
                                        "padding-top": "10px",
                                        "padding-left": "10px"
                                    }
                                },
                                "type": "mailup-bee-newsletter-modules-text"
                            }
                        ],
                        "style": {
                            "padding-right": "0px",
                            "border-left": "0px solid transparent",
                            "padding-left": "0px",
                            "border-top": "0px solid transparent",
                            "padding-bottom": "30px",
                            "background-color": "transparent",
                            "padding-top": "60px",
                            "border-bottom": "0px solid transparent",
                            "border-right": "0px solid transparent"
                        },
                        "grid-columns": 8
                    }
                ],
                "locked": false,
                "content": {
                    "computedStyle": {
                        "rowColStackOnMobile": false
                    },
                    "style": {
                        "background-position": "top left",
                        "background-repeat": "no-repeat",
                        "color": "#333",
                        "background-image": "none",
                        "background-color": "transparent",
                        "width": "675px"
                    }
                },
                "container": {
                    "style": {
                        "background-position": "top left",
                        "background-repeat": "no-repeat",
                        "background-image": "none",
                        "background-color": "transparent"
                    }
                },
                "type": "two-columns-4-8-empty"
            },
            {
                "columns": [
                    {
                        "modules": [
                            {
                                "locked": false,
                                "descriptor": {
                                    "computedStyle": {
                                        "class": "center  autowidth ",
                                        "width": 110
                                    },
                                    "image": {
                                        "src": "img/chat.png",
                                        "href": "https://beefree.io",
                                        "alt": "Image"
                                    },
                                    "style": {
                                        "padding-bottom": "10px",
                                        "padding-right": "10px",
                                        "padding-top": "10px",
                                        "padding-left": "10px",
                                        "width": "100%"
                                    }
                                },
                                "type": "mailup-bee-newsletter-modules-image"
                            }
                        ],
                        "style": {
                            "padding-right": "0px",
                            "border-left": "0px solid transparent",
                            "padding-left": "0px",
                            "border-top": "0px solid transparent",
                            "padding-bottom": "30px",
                            "background-color": "transparent",
                            "padding-top": "30px",
                            "border-bottom": "0px solid transparent",
                            "border-right": "0px solid transparent"
                        },
                        "grid-columns": 4
                    },
                    {
                        "modules": [
                            {
                                "locked": false,
                                "descriptor": {
                                    "text": {
                                        "html": "<div class=\"txtTinyMce-wrapper\" style=\"font-family: Montserrat, &quot;Trebuchet MS&quot;, &quot;Lucida Grande&quot;, &quot;Lucida Sans Unicode&quot;, &quot;Lucida Sans&quot;, Tahoma, sans-serif; font-size: 12px; line-height: 14px;\" data-mce-style=\"font-family: Montserrat, &quot;Trebuchet MS&quot;, &quot;Lucida Grande&quot;, &quot;Lucida Sans Unicode&quot;, &quot;Lucida Sans&quot;, Tahoma, sans-serif; font-size: 12px; line-height: 14px;\">\n<p style=\"font-size: 18px; line-height: 21px; text-align: left;\" data-mce-style=\"font-size: 18px; line-height: 21px; text-align: left;\"><span style=\"font-size: 22px; line-height: 26px;\" data-mce-style=\"font-size: 22px; line-height: 26px;\"><strong>Quibus numquam</strong></span></p>\n</div>",
                                        "computedStyle": {
                                            "linkColor": "#007089"
                                        },
                                        "style": {
                                            "color": "#95D24F",
                                            "line-height": "120%",
                                            "font-family": "'Montserrat', 'Trebuchet MS', 'Lucida Grande', 'Lucida Sans Unicode', 'Lucida Sans', Tahoma, sans-serif"
                                        }
                                    },
                                    "computedStyle": {
                                        "hideContentOnMobile": false
                                    },
                                    "style": {
                                        "padding-bottom": "5px",
                                        "padding-right": "10px",
                                        "padding-top": "10px",
                                        "padding-left": "10px"
                                    }
                                },
                                "type": "mailup-bee-newsletter-modules-text"
                            },
                            {
                                "locked": false,
                                "descriptor": {
                                    "text": {
                                        "html": "<div class=\"txtTinyMce-wrapper\" style=\"font-family: Montserrat, &quot;Trebuchet MS&quot;, &quot;Lucida Grande&quot;, &quot;Lucida Sans Unicode&quot;, &quot;Lucida Sans&quot;, Tahoma, sans-serif; font-size: 12px; line-height: 14px;\" data-mce-style=\"font-family: Montserrat, &quot;Trebuchet MS&quot;, &quot;Lucida Grande&quot;, &quot;Lucida Sans Unicode&quot;, &quot;Lucida Sans&quot;, Tahoma, sans-serif; font-size: 12px; line-height: 14px;\">\n<p style=\"font-size: 14px; line-height: 16px; text-align: left;\" data-mce-style=\"font-size: 14px; line-height: 16px; text-align: left;\"><span style=\"font-size: 14px; line-height: 16px;\" data-mce-style=\"font-size: 14px; line-height: 16px;\">Nullam quis risus eget urna mollis.</span></p>\n<p style=\"font-size: 14px; line-height: 16px; text-align: left;\" data-mce-style=\"font-size: 14px; line-height: 16px; text-align: left;\"><span style=\"font-size: 14px; line-height: 16px;\" data-mce-style=\"font-size: 14px; line-height: 16px;\">Sed turpi est quisquam nobis</span></p>\n</div>",
                                        "computedStyle": {
                                            "linkColor": "#007089"
                                        },
                                        "style": {
                                            "color": "#9D9DA1",
                                            "line-height": "120%",
                                            "font-family": "'Montserrat', 'Trebuchet MS', 'Lucida Grande', 'Lucida Sans Unicode', 'Lucida Sans', Tahoma, sans-serif"
                                        }
                                    },
                                    "computedStyle": {
                                        "hideContentOnMobile": false
                                    },
                                    "style": {
                                        "padding-bottom": "10px",
                                        "padding-right": "10px",
                                        "padding-top": "0px",
                                        "padding-left": "10px"
                                    }
                                },
                                "type": "mailup-bee-newsletter-modules-text"
                            },
                            {
                                "locked": false,
                                "descriptor": {
                                    "text": {
                                        "html": "<div class=\"txtTinyMce-wrapper\" style=\"font-size: 12px; line-height: 14px; font-family: Montserrat, &quot;Trebuchet MS&quot;, &quot;Lucida Grande&quot;, &quot;Lucida Sans Unicode&quot;, &quot;Lucida Sans&quot;, Tahoma, sans-serif;\" data-mce-style=\"font-size: 12px; line-height: 14px; font-family: Montserrat, &quot;Trebuchet MS&quot;, &quot;Lucida Grande&quot;, &quot;Lucida Sans Unicode&quot;, &quot;Lucida Sans&quot;, Tahoma, sans-serif;\">\n<p style=\"font-size: 14px; line-height: 16px; text-align: left;\" data-mce-style=\"font-size: 14px; line-height: 16px; text-align: left;\"><span style=\"font-size: 18px; line-height: 21px;\" data-mce-style=\"font-size: 18px; line-height: 21px;\"><a href=\"https://beefree.io\"><span style=\"text-decoration: underline; line-height: 21px; font-size: 18px;\" data-mce-style=\"text-decoration: underline; line-height: 21px; font-size: 18px;\"><strong>Show more</strong></span></a></span></p>\n</div>",
                                        "computedStyle": {
                                            "linkColor": "#007089"
                                        },
                                        "style": {
                                            "color": "#D2687F",
                                            "line-height": "120%",
                                            "font-family": "'Montserrat', 'Trebuchet MS', 'Lucida Grande', 'Lucida Sans Unicode', 'Lucida Sans', Tahoma, sans-serif"
                                        }
                                    },
                                    "computedStyle": {
                                        "hideContentOnMobile": false
                                    },
                                    "style": {
                                        "padding-bottom": "20px",
                                        "padding-right": "10px",
                                        "padding-top": "10px",
                                        "padding-left": "10px"
                                    }
                                },
                                "type": "mailup-bee-newsletter-modules-text"
                            }
                        ],
                        "style": {
                            "padding-right": "0px",
                            "border-left": "0px solid transparent",
                            "padding-left": "0px",
                            "border-top": "0px solid transparent",
                            "padding-bottom": "30px",
                            "background-color": "transparent",
                            "padding-top": "30px",
                            "border-bottom": "0px solid transparent",
                            "border-right": "0px solid transparent"
                        },
                        "grid-columns": 8
                    }
                ],
                "locked": false,
                "content": {
                    "computedStyle": {
                        "rowColStackOnMobile": false
                    },
                    "style": {
                        "background-position": "top left",
                        "background-repeat": "no-repeat",
                        "color": "#333",
                        "background-image": "none",
                        "background-color": "transparent",
                        "width": "675px"
                    }
                },
                "container": {
                    "style": {
                        "background-position": "top left",
                        "background-repeat": "no-repeat",
                        "background-image": "none",
                        "background-color": "transparent"
                    }
                },
                "type": "two-columns-4-8-empty"
            },
            {
                "columns": [
                    {
                        "modules": [
                            {
                                "locked": false,
                                "descriptor": {
                                    "computedStyle": {
                                        "class": "center fixedwidth",
                                        "width": 101.25
                                    },
                                    "image": {
                                        "src": "img/idea.png",
                                        "href": "https://beefree.io",
                                        "alt": "Image"
                                    },
                                    "style": {
                                        "padding-bottom": "10px",
                                        "padding-right": "10px",
                                        "padding-top": "10px",
                                        "padding-left": "10px",
                                        "width": "100%"
                                    }
                                },
                                "type": "mailup-bee-newsletter-modules-image"
                            }
                        ],
                        "style": {
                            "padding-right": "0px",
                            "border-left": "0px solid transparent",
                            "padding-left": "0px",
                            "border-top": "0px solid transparent",
                            "padding-bottom": "30px",
                            "background-color": "transparent",
                            "padding-top": "30px",
                            "border-bottom": "0px solid transparent",
                            "border-right": "0px solid transparent"
                        },
                        "grid-columns": 4
                    },
                    {
                        "modules": [
                            {
                                "locked": false,
                                "descriptor": {
                                    "text": {
                                        "html": "<div class=\"txtTinyMce-wrapper\" style=\"font-family: Montserrat, &quot;Trebuchet MS&quot;, &quot;Lucida Grande&quot;, &quot;Lucida Sans Unicode&quot;, &quot;Lucida Sans&quot;, Tahoma, sans-serif; font-size: 12px; line-height: 14px;\" data-mce-style=\"font-family: Montserrat, &quot;Trebuchet MS&quot;, &quot;Lucida Grande&quot;, &quot;Lucida Sans Unicode&quot;, &quot;Lucida Sans&quot;, Tahoma, sans-serif; font-size: 12px; line-height: 14px;\">\n<p style=\"font-size: 18px; line-height: 21px; text-align: left;\" data-mce-style=\"font-size: 18px; line-height: 21px; text-align: left;\"><span style=\"font-size: 22px; line-height: 26px;\" data-mce-style=\"font-size: 22px; line-height: 26px;\"><strong>Dolor sit amet</strong></span></p>\n</div>",
                                        "computedStyle": {
                                            "linkColor": "#007089"
                                        },
                                        "style": {
                                            "color": "#95D24F",
                                            "line-height": "120%",
                                            "font-family": "'Montserrat', 'Trebuchet MS', 'Lucida Grande', 'Lucida Sans Unicode', 'Lucida Sans', Tahoma, sans-serif"
                                        }
                                    },
                                    "computedStyle": {
                                        "hideContentOnMobile": false
                                    },
                                    "style": {
                                        "padding-bottom": "5px",
                                        "padding-right": "10px",
                                        "padding-top": "10px",
                                        "padding-left": "10px"
                                    }
                                },
                                "type": "mailup-bee-newsletter-modules-text"
                            },
                            {
                                "locked": false,
                                "descriptor": {
                                    "text": {
                                        "html": "<div class=\"txtTinyMce-wrapper\" style=\"font-family: Montserrat, &quot;Trebuchet MS&quot;, &quot;Lucida Grande&quot;, &quot;Lucida Sans Unicode&quot;, &quot;Lucida Sans&quot;, Tahoma, sans-serif; font-size: 12px; line-height: 14px;\" data-mce-style=\"font-family: Montserrat, &quot;Trebuchet MS&quot;, &quot;Lucida Grande&quot;, &quot;Lucida Sans Unicode&quot;, &quot;Lucida Sans&quot;, Tahoma, sans-serif; font-size: 12px; line-height: 14px;\">\n<p style=\"font-size: 14px; line-height: 16px; text-align: left;\" data-mce-style=\"font-size: 14px; line-height: 16px; text-align: left;\"><span style=\"font-size: 14px; line-height: 16px;\" data-mce-style=\"font-size: 14px; line-height: 16px;\">Nullam quis risus eget urna mollis.</span></p>\n<p style=\"font-size: 14px; line-height: 16px; text-align: left;\" data-mce-style=\"font-size: 14px; line-height: 16px; text-align: left;\"><span style=\"font-size: 14px; line-height: 16px;\" data-mce-style=\"font-size: 14px; line-height: 16px;\">Sed turpi est quisquam nobis</span></p>\n</div>",
                                        "computedStyle": {
                                            "linkColor": "#007089"
                                        },
                                        "style": {
                                            "color": "#9D9DA1",
                                            "line-height": "120%",
                                            "font-family": "'Montserrat', 'Trebuchet MS', 'Lucida Grande', 'Lucida Sans Unicode', 'Lucida Sans', Tahoma, sans-serif"
                                        }
                                    },
                                    "computedStyle": {
                                        "hideContentOnMobile": false
                                    },
                                    "style": {
                                        "padding-bottom": "10px",
                                        "padding-right": "10px",
                                        "padding-top": "0px",
                                        "padding-left": "10px"
                                    }
                                },
                                "type": "mailup-bee-newsletter-modules-text"
                            },
                            {
                                "locked": false,
                                "descriptor": {
                                    "text": {
                                        "html": "<div class=\"txtTinyMce-wrapper\" style=\"font-size: 12px; line-height: 14px; font-family: Montserrat, &quot;Trebuchet MS&quot;, &quot;Lucida Grande&quot;, &quot;Lucida Sans Unicode&quot;, &quot;Lucida Sans&quot;, Tahoma, sans-serif;\" data-mce-style=\"font-size: 12px; line-height: 14px; font-family: Montserrat, &quot;Trebuchet MS&quot;, &quot;Lucida Grande&quot;, &quot;Lucida Sans Unicode&quot;, &quot;Lucida Sans&quot;, Tahoma, sans-serif;\">\n<p style=\"font-size: 14px; line-height: 16px; text-align: left;\" data-mce-style=\"font-size: 14px; line-height: 16px; text-align: left;\"><span style=\"font-size: 18px; line-height: 21px;\" data-mce-style=\"font-size: 18px; line-height: 21px;\"><a href=\"https://beefree.io\"><span style=\"text-decoration: underline; line-height: 21px; font-size: 18px;\" data-mce-style=\"text-decoration: underline; line-height: 21px; font-size: 18px;\"><strong>Show more</strong></span></a></span></p>\n</div>",
                                        "computedStyle": {
                                            "linkColor": "#007089"
                                        },
                                        "style": {
                                            "color": "#D2687F",
                                            "line-height": "120%",
                                            "font-family": "'Montserrat', 'Trebuchet MS', 'Lucida Grande', 'Lucida Sans Unicode', 'Lucida Sans', Tahoma, sans-serif"
                                        }
                                    },
                                    "computedStyle": {
                                        "hideContentOnMobile": false
                                    },
                                    "style": {
                                        "padding-bottom": "20px",
                                        "padding-right": "10px",
                                        "padding-top": "10px",
                                        "padding-left": "10px"
                                    }
                                },
                                "type": "mailup-bee-newsletter-modules-text"
                            }
                        ],
                        "style": {
                            "padding-right": "0px",
                            "border-left": "0px solid transparent",
                            "padding-left": "0px",
                            "border-top": "0px solid transparent",
                            "padding-bottom": "30px",
                            "background-color": "transparent",
                            "padding-top": "30px",
                            "border-bottom": "0px solid transparent",
                            "border-right": "0px solid transparent"
                        },
                        "grid-columns": 8
                    }
                ],
                "locked": false,
                "content": {
                    "computedStyle": {
                        "rowColStackOnMobile": false
                    },
                    "style": {
                        "background-position": "top left",
                        "background-repeat": "no-repeat",
                        "color": "#333",
                        "background-image": "none",
                        "background-color": "transparent",
                        "width": "675px"
                    }
                },
                "container": {
                    "style": {
                        "background-position": "top left",
                        "background-repeat": "no-repeat",
                        "background-image": "none",
                        "background-color": "transparent"
                    }
                },
                "type": "two-columns-4-8-empty"
            },
            {
                "columns": [
                    {
                        "modules": [
                            {
                                "locked": false,
                                "descriptor": {
                                    "divider": {
                                        "style": {
                                            "border-top": "1px solid #F0F0F0",
                                            "width": "100%",
                                            "height": "0px"
                                        }
                                    },
                                    "computedStyle": {
                                        "align": "center"
                                    },
                                    "style": {
                                        "padding-bottom": "30px",
                                        "padding-right": "10px",
                                        "padding-top": "30px",
                                        "padding-left": "10px"
                                    }
                                },
                                "type": "mailup-bee-newsletter-modules-divider"
                            },
                            {
                                "locked": false,
                                "descriptor": {
                                    "text": {
                                        "html": "<div class=\"txtTinyMce-wrapper\" style=\"font-family: Montserrat, &quot;Trebuchet MS&quot;, &quot;Lucida Grande&quot;, &quot;Lucida Sans Unicode&quot;, &quot;Lucida Sans&quot;, Tahoma, sans-serif; font-size: 12px; line-height: 14px;\" data-mce-style=\"font-family: Montserrat, &quot;Trebuchet MS&quot;, &quot;Lucida Grande&quot;, &quot;Lucida Sans Unicode&quot;, &quot;Lucida Sans&quot;, Tahoma, sans-serif; font-size: 12px; line-height: 14px;\">\n<p style=\"font-size: 14px; line-height: 16px; text-align: center;\" data-mce-style=\"font-size: 14px; line-height: 16px; text-align: center;\"><span style=\"font-size: 38px; line-height: 45px;\" data-mce-style=\"font-size: 38px; line-height: 45px;\"><strong><span style=\"line-height: 45px; font-size: 38px;\" data-mce-style=\"line-height: 45px; font-size: 38px;\">Fusce Nullam Consectetur</span></strong></span></p>\n</div>",
                                        "computedStyle": {
                                            "linkColor": "#007089"
                                        },
                                        "style": {
                                            "color": "#007089",
                                            "line-height": "120%",
                                            "font-family": "'Montserrat', 'Trebuchet MS', 'Lucida Grande', 'Lucida Sans Unicode', 'Lucida Sans', Tahoma, sans-serif"
                                        }
                                    },
                                    "computedStyle": {
                                        "hideContentOnMobile": false
                                    },
                                    "style": {
                                        "padding-bottom": "10px",
                                        "padding-right": "10px",
                                        "padding-top": "15px",
                                        "padding-left": "10px"
                                    }
                                },
                                "type": "mailup-bee-newsletter-modules-text"
                            },
                            {
                                "locked": false,
                                "descriptor": {
                                    "text": {
                                        "html": "<div class=\"txtTinyMce-wrapper\" style=\"font-family: Montserrat, &quot;Trebuchet MS&quot;, &quot;Lucida Grande&quot;, &quot;Lucida Sans Unicode&quot;, &quot;Lucida Sans&quot;, Tahoma, sans-serif; font-size: 12px; line-height: 14px;\" data-mce-style=\"font-family: Montserrat, &quot;Trebuchet MS&quot;, &quot;Lucida Grande&quot;, &quot;Lucida Sans Unicode&quot;, &quot;Lucida Sans&quot;, Tahoma, sans-serif; font-size: 12px; line-height: 14px;\"><p style=\"font-size: 14px; line-height: 16px; text-align: center;\" data-mce-style=\"font-size: 14px; line-height: 16px; text-align: center;\"><span style=\"font-size: 16px; line-height: 19px;\" data-mce-style=\"font-size: 16px; line-height: 19px;\">Vestibulum id ligula porta felis euismod semper. Nulla vitae elit.</span></p></div>",
                                        "computedStyle": {
                                            "linkColor": "#007089"
                                        },
                                        "style": {
                                            "color": "#9D9DA1",
                                            "line-height": "120%",
                                            "font-family": "'Montserrat', 'Trebuchet MS', 'Lucida Grande', 'Lucida Sans Unicode', 'Lucida Sans', Tahoma, sans-serif"
                                        }
                                    },
                                    "computedStyle": {
                                        "hideContentOnMobile": false
                                    },
                                    "style": {
                                        "padding-bottom": "10px",
                                        "padding-right": "10px",
                                        "padding-top": "0px",
                                        "padding-left": "10px"
                                    }
                                },
                                "type": "mailup-bee-newsletter-modules-text"
                            },
                            {
                                "locked": false,
                                "descriptor": {
                                    "computedStyle": {
                                        "width": 195,
                                        "height": 46
                                    },
                                    "button": {
                                        "label": "<div class=\"txtTinyMce-wrapper\" style=\"font-size: 12px; line-height: 24px; font-family: Montserrat, 'Trebuchet MS', 'Lucida Grande', 'Lucida Sans Unicode', 'Lucida Sans', Tahoma, sans-serif;\">\n<p style=\"font-family: inherit; font-size: 16px; line-height: 32px;\"><span style=\"font-size: 18px; line-height: 36px;\">SHOW MORE</span></p>\n</div>",
                                        "style": {
                                            "border-radius": "25px",
                                            "padding-right": "20px",
                                            "border-left": "0px solid transparent",
                                            "padding-left": "20px",
                                            "border-top": "0px solid transparent",
                                            "max-width": "100%",
                                            "border-right": "0px solid transparent",
                                            "color": "#ffffff",
                                            "font-family": "'Montserrat', 'Trebuchet MS', 'Lucida Grande', 'Lucida Sans Unicode', 'Lucida Sans', Tahoma, sans-serif",
                                            "padding-bottom": "5px",
                                            "background-color": "#95D24F",
                                            "padding-top": "5px",
                                            "border-bottom": "0px solid transparent",
                                            "line-height": "200%",
                                            "width": "35%"
                                        },
                                        "href": ""
                                    },
                                    "style": {
                                        "padding-bottom": "25px",
                                        "padding-right": "10px",
                                        "padding-top": "15px",
                                        "padding-left": "10px",
                                        "text-align": "center"
                                    }
                                },
                                "type": "mailup-bee-newsletter-modules-button"
                            },
                            {
                                "locked": false,
                                "descriptor": {
                                    "divider": {
                                        "style": {
                                            "border-top": "5px solid transparent",
                                            "width": "100%",
                                            "height": "0px"
                                        }
                                    },
                                    "computedStyle": {
                                        "align": "center"
                                    },
                                    "style": {
                                        "padding-bottom": "30px",
                                        "padding-right": "30px",
                                        "padding-top": "30px",
                                        "padding-left": "30px"
                                    }
                                },
                                "type": "mailup-bee-newsletter-modules-divider"
                            }
                        ],
                        "style": {
                            "padding-right": "0px",
                            "border-left": "0px solid transparent",
                            "padding-left": "0px",
                            "border-top": "0px solid transparent",
                            "padding-bottom": "5px",
                            "background-color": "transparent",
                            "padding-top": "5px",
                            "border-bottom": "0px solid transparent",
                            "border-right": "0px solid transparent"
                        },
                        "grid-columns": 12
                    }
                ],
                "locked": false,
                "content": {
                    "computedStyle": {
                        "rowColStackOnMobile": true
                    },
                    "style": {
                        "background-position": "top left",
                        "background-repeat": "no-repeat",
                        "color": "#000000",
                        "background-image": "none",
                        "background-color": "transparent",
                        "width": "675px"
                    }
                },
                "container": {
                    "style": {
                        "background-position": "top left",
                        "background-repeat": "no-repeat",
                        "background-image": "none",
                        "background-color": "transparent"
                    }
                },
                "type": "one-column-empty"
            },
            {
                "columns": [
                    {
                        "modules": [
                            {
                                "locked": false,
                                "descriptor": {
                                    "computedStyle": {
                                        "iconsDefaultWidth": 32,
                                        "width": 151,
                                        "padding": "0 5px 5px 0",
                                        "height": 57
                                    },
                                    "style": {
                                        "padding-bottom": "10px",
                                        "padding-right": "10px",
                                        "padding-top": "10px",
                                        "padding-left": "10px",
                                        "text-align": "center"
                                    },
                                    "iconsList": {
                                        "icons": [
                                            {
                                                "text": "",
                                                "image": {
                                                    "src": "img/t-outline-circle-color/facebook.png",
                                                    "prefix": "https://www.facebook.com/",
                                                    "title": "Facebook",
                                                    "href": "https://www.facebook.com/",
                                                    "alt": "Facebook"
                                                },
                                                "type": "follow",
                                                "name": "facebook"
                                            },
                                            {
                                                "text": "",
                                                "image": {
                                                    "src": "img/t-outline-circle-color/twitter.png",
                                                    "prefix": "http://twitter.com/",
                                                    "title": "Twitter",
                                                    "href": "http://twitter.com/",
                                                    "alt": "Twitter"
                                                },
                                                "type": "follow",
                                                "name": "twitter"
                                            },
                                            {
                                                "text": "",
                                                "image": {
                                                    "src": "img/t-outline-circle-color/instagram@2x.png",
                                                    "prefix": "https://instagram.com/",
                                                    "title": "Instagram",
                                                    "href": "https://instagram.com/",
                                                    "alt": "Instagram"
                                                },
                                                "type": "follow",
                                                "name": "instagram"
                                            }
                                        ]
                                    }
                                },
                                "type": "mailup-bee-newsletter-modules-social"
                            },
                            {
                                "locked": false,
                                "descriptor": {
                                    "text": {
                                        "html": "<div class=\"txtTinyMce-wrapper\" style=\"font-size: 12px; line-height: 18px; font-family: Montserrat, &quot;Trebuchet MS&quot;, &quot;Lucida Grande&quot;, &quot;Lucida Sans Unicode&quot;, &quot;Lucida Sans&quot;, Tahoma, sans-serif;\" data-mce-style=\"font-size: 12px; line-height: 18px; font-family: Montserrat, &quot;Trebuchet MS&quot;, &quot;Lucida Grande&quot;, &quot;Lucida Sans Unicode&quot;, &quot;Lucida Sans&quot;, Tahoma, sans-serif;\"><p style=\"font-size: 14px; line-height: 21px; text-align: center;\" data-mce-style=\"font-size: 14px; line-height: 21px; text-align: center;\">Your Company \u00a9 All rights reserved</p></div>",
                                        "computedStyle": {
                                            "linkColor": "#007089"
                                        },
                                        "style": {
                                            "color": "#959595",
                                            "line-height": "150%",
                                            "font-family": "'Montserrat', 'Trebuchet MS', 'Lucida Grande', 'Lucida Sans Unicode', 'Lucida Sans', Tahoma, sans-serif"
                                        }
                                    },
                                    "computedStyle": {
                                        "hideContentOnMobile": false
                                    },
                                    "style": {
                                        "padding-bottom": "10px",
                                        "padding-right": "10px",
                                        "padding-top": "15px",
                                        "padding-left": "10px"
                                    }
                                },
                                "type": "mailup-bee-newsletter-modules-text"
                            }
                        ],
                        "style": {
                            "padding-right": "0px",
                            "border-left": "0px solid transparent",
                            "padding-left": "0px",
                            "border-top": "0px solid transparent",
                            "padding-bottom": "30px",
                            "background-color": "transparent",
                            "padding-top": "30px",
                            "border-bottom": "0px solid transparent",
                            "border-right": "0px solid transparent"
                        },
                        "grid-columns": 12
                    }
                ],
                "locked": false,
                "content": {
                    "computedStyle": {
                        "rowColStackOnMobile": true
                    },
                    "style": {
                        "background-position": "top left",
                        "background-repeat": "no-repeat",
                        "color": "#333",
                        "background-image": "none",
                        "background-color": "transparent",
                        "width": "675px"
                    }
                },
                "container": {
                    "style": {
                        "background-position": "top left",
                        "background-repeat": "no-repeat",
                        "background-image": "none",
                        "background-color": "#F6FFF0"
                    }
                },
                "type": "one-column-empty"
            }
        ],
        "description": "BF-ecommerce-template",
        "title": "BF-ecommerce-template",
        "template": {
            "name": "template-base",
            "type": "basic",
            "version": "2.0.0"
        },
        "body": {
            "webFonts": [
                {
                    "name": "Montserrat",
                    "fontFamily": "'Montserrat', 'Trebuchet MS', 'Lucida Grande', 'Lucida Sans Unicode', 'Lucida Sans', Tahoma, sans-serif",
                    "url": "https://fonts.googleapis.com/css?family=Montserrat"
                }
            ],
            "content": {
                "computedStyle": {
                    "messageWidth": "675px",
                    "messageBackgroundColor": "transparent",
                    "linkColor": "#007089"
                },
                "style": {
                    "color": "#000000",
                    "font-family": "Arial, 'Helvetica Neue', Helvetica, sans-serif"
                }
            },
            "type": "mailup-bee-page-properties",
            "container": {
                "style": {
                    "background-color": "#FFFFFF"
                }
            }
        }
    }
}
